,0
0,UAUCACAGCGCGUAAACGGUUAUGGAUGGGUCGAA
1,UAUCACAGCGCGUAAACGGUUAUGGAUGGGUUGAA
2,UAUCACAGCGCGUAAGCGGUUAUGGAUGGGUUGAA
3,UAUCACAGCGCGUAGACGGUUAUGGAUGGGUCGAA
4,UAUCACAGCGCGUAGACGGUUAUGGAUGGGUUGAA
5,UAUCACAGCGCGUAGGCGGUUAUGGAUGGGUUGAA
6,UAUCACAGCGCGUUAACGGUUAUGGAUGGGUCGAA
7,UAUCACAGCGCGUUAACGGUUAUGGAUGGGUUGAA
8,UAUCACAGCGCUUAAGCGGUUAUGGAUGGGUCGAA
9,UAUCACAGCGCUUUGACGGUUAUGGAUGGGUUGAA
10,UAUCACAGCGCUUUGGCGGUUAUGGAUGGGUUGAA
11,UAUCACAGCGUGUAAACGGUUAUGGAUGGGUUGAA
12,UAUCACAGCGUGUAGACGGUUAUGGAUGGGUUGAA
13,UAUCACAGCGUGUUAACGGUUAUGGAUGGGUUGAA
14,UAUCACAGCGUUUAAACGGUUAUGGAUGGGUUGAA
15,UAUCACAGCGUUUAGACGGUUAUGGAUGGGUUGAA
16,UAUCACAGCGUUUUGACGGUUAUGGAUGGGUUGAA
17,UAUCACAGCUCGUAAGAGGUUAUGGAUGGGUUGAA
18,UAUCACAGCUCGUAGGAGGUUAUGGAUGGGUUGAA
19,UAUCACAGCUCGUUGGAGGUUAUGGAUGGGUUGAA
20,UAUCACAGGGCGUAAGCCGUUAUGGAUGGGUUGAA
21,UAUCACAGGGCGUAGGCCGCUAUGGAUGGGUCGAA
22,UAUCACAGGGCGUAGGCCGUUAUGGAUGGGUUGAA
23,UAUCACAGGGCGUUAGCCGUUAUGGAUGGGUUGAA
24,UAUCACAGGGCGUUGGCCGUUAUGGAUGGGUUGAA
25,UAUCACAGGGCUUAAGCCGCUAUGGAUGGGUCGAA
26,UAUCACAGGGCUUAAGCCGUUAUGGAUGGGUUGAA
27,UAUCACAGGGCUUAGGCCGUUAUGGAUGGGUUGAA
28,UAUCACAGGGUGUAAACCGCUAUGGAUGGGUUGAA
29,UAUCACAGGGUGUUAACCGCUAUGGAUGGGUUGAA
30,UAUCACAGGGUGUUAACCGUUAUGGAUGGGUCGAA
31,UAUCACAGGGUGUUAACCGUUAUGGAUGGGUUGAA
32,UAUCACAGGGUUUAAACCGCUAUGGAUGGGUUGAA
33,UAUCACAGGGUUUAGGCCGUUAUGGAUGGGUUGAA
34,UAUCACAGGUUGUAAAACGUUAUGGAUGGGUUGAA
35,UAUCACAGGUUUUAAAACGUUAUGGAUGGGUCGAA
36,UAUCACAUGGCGUAAGCGACAUUGGAUGGGUUGAA
37,UAUCACAUGGCGUAAGCGGCAUUGGAUGGGUUGAA
38,UAUCACAUGGCGUAGGCGACAUUGGAUGGGUUGAA
39,UAUCACAUGGCGUAGGCGGCAUUGGAUGGGUUGAA
40,UAUCACAUGGCUUAAGCGACAUUGGAUGGGUUGAA
41,UAUCACAUGGCUUAGGCGACAUUGGAUGGGUUGAA
42,UAUCACAUGGCUUAGGCGGCAUUGGAUGGGUUGAA
43,UAUCACAUGGCUUUAGCGACAUUGGAUGGGUUGAA
44,UAUCACAUGGCUUUGGCGACAUUGGAUGGGUUGAA
45,UAUCACAUGGCUUUGGCGGCAUUGGAUGGGUUGAA
46,UAUCACAUGGUGUAAACGACAUUGGAUGGGUUGAA
47,UAUCACAUGGUGUAAACGGCAUUGGAUGGGUUGAA
48,UAUCACAUGGUGUAGACGGCAUUGGAUGGGUUGAA
49,UAUCACAUGGUUUAGACGGCAUUGGAUGGGUUGAA
50,UAUCACAUGGUUUAGGCGGCAUUGGAUGGGUUGAA
51,UAUCACUGCGCGUAAAACGUUUUGGAUGGGUCGAA
52,UAUCACUGCGCGUAAAACGUUUUGGAUGGGUUGAA
53,UAUCACUGCGCGUAAACGGUUUUGGAUGGGUCGAA
54,UAUCACUGCGCGUAAGACGUUUUGGAUGGGUCGAA
55,UAUCACUGCGCGUAAGACGUUUUGGAUGGGUUGAA
56,UAUCACUGCGCGUAAGAGACUUUGGAUGGGUCGAA
57,UAUCACUGCGCGUAAGAGACUUUGGAUGGGUUGAA
58,UAUCACUGCGCGUAAGCGACUUUGGAUGGGUCGAA
59,UAUCACUGCGCGUAAGCGACUUUGGAUGGGUUGAA
60,UAUCACUGCGCGUAAGCGAUUUUGGAUGGGUCGAA
61,UAUCACUGCGCGUAAGCGAUUUUGGAUGGGUUGAA
62,UAUCACUGCGCGUAAGCGGCUUUGGAUGGGUCGAA
63,UAUCACUGCGCGUAAGCGGCUUUGGAUGGGUUGAA
64,UAUCACUGCGCGUAAGCGGUUAUGGAUGGGUCGAA
65,UAUCACUGCGCGUAAGCGGUUAUGGAUGGGUUGAA
66,UAUCACUGCGCGUAAGCGGUUUUGGAUGGGUCGAA
67,UAUCACUGCGCGUAAGCGGUUUUGGAUGGGUUGAA
68,UAUCACUGCGCGUAGAACGUUUUGGAUGGGUCGAA
69,UAUCACUGCGCGUAGAACGUUUUGGAUGGGUUGAA
70,UAUCACUGCGCGUAGACGGCUUUGGAUGGGUUGAA
71,UAUCACUGCGCGUAGGACGUUUUGGAUGGGUUGAA
72,UAUCACUGCGCGUAGGCGACUUUGGAUGGGUCGAA
73,UAUCACUGCGCGUAGGCGACUUUGGAUGGGUUGAA
74,UAUCACUGCGCGUAGGCGAUUUUGGAUGGGUUGAA
75,UAUCACUGCGCGUAGGCGGCUUUGGAUGGGUCGAA
76,UAUCACUGCGCGUAGGCGGCUUUGGAUGGGUUGAA
77,UAUCACUGCGCGUAGGCGGUUAUGGAUGGGUCGAA
78,UAUCACUGCGCGUAGGCGGUUAUGGAUGGGUUGAA
79,UAUCACUGCGCGUAGGCGGUUUUGGAUGGGUCGAA
80,UAUCACUGCGCGUAGGCGGUUUUGGAUGGGUUGAA
81,UAUCACUGCGCGUUAAACGUUUUGGAUGGGUUGAA
82,UAUCACUGCGCGUUAGACGUUUUGGAUGGGUUGAA
83,UAUCACUGCGCGUUAGCGACUUUGGAUGGGUCGAA
84,UAUCACUGCGCGUUAGCGACUUUGGAUGGGUUGAA
85,UAUCACUGCGCGUUAGCGAUUUUGGAUGGGUCGAA
86,UAUCACUGCGCGUUAGCGAUUUUGGAUGGGUUGAA
87,UAUCACUGCGCGUUAGCGGCUUUGGAUGGGUCGAA
88,UAUCACUGCGCGUUAGCGGCUUUGGAUGGGUUGAA
89,UAUCACUGCGCGUUAGCGGUUAUGGAUGGGUCGAA
90,UAUCACUGCGCGUUAGCGGUUAUGGAUGGGUUGAA
91,UAUCACUGCGCGUUAGCGGUUUUGGAUGGGUCGAA
92,UAUCACUGCGCGUUAGCGGUUUUGGAUGGGUUGAA
93,UAUCACUGCGCGUUGAACGUUUUGGAUGGGUCGAA
94,UAUCACUGCGCGUUGAACGUUUUGGAUGGGUUGAA
95,UAUCACUGCGCGUUGGCGACUUUGGAUGGGUCGAA
96,UAUCACUGCGCGUUGGCGACUUUGGAUGGGUUGAA
97,UAUCACUGCGCGUUGGCGGCUUUGGAUGGGUCGAA
98,UAUCACUGCGCGUUGGCGGCUUUGGAUGGGUUGAA
99,UAUCACUGCGCGUUGGCGGUUUUGGAUGGGUCGAA
100,UAUCACUGCGCUUAAAACGUUUUGGAUGGGUCGAA
101,UAUCACUGCGCUUAAAACGUUUUGGAUGGGUUGAA
102,UAUCACUGCGCUUAAAAGGUUUUGGAUGGGUUGAA
103,UAUCACUGCGCUUAAACCGUUUUGGAUGGGUUGAA
104,UAUCACUGCGCUUAAACGACUUUGGAUGGGUUGAA
105,UAUCACUGCGCUUAAACGAUUUUGGAUGGGUUGAA
106,UAUCACUGCGCUUAAACGGUUAUGGAUGGGUUGAA
107,UAUCACUGCGCUUAAACGGUUUUGGAUGGGUCGAA
108,UAUCACUGCGCUUAAACGGUUUUGGAUGGGUUGAA
109,UAUCACUGCGCUUAAGACGUUUUGGAUGGGUCGAA
110,UAUCACUGCGCUUAAGACGUUUUGGAUGGGUUGAA
111,UAUCACUGCGCUUAAGAGACUUUGGAUGGGUCGAA
112,UAUCACUGCGCUUAAGCCGUUUUGGAUGGGUUGAA
113,UAUCACUGCGCUUAAGCGACUUUGGAUGGGUCGAA
114,UAUCACUGCGCUUAAGCGACUUUGGAUGGGUUGAA
115,UAUCACUGCGCUUAAGCGAUUUUGGAUGGGUUGAA
116,UAUCACUGCGCUUAAGCGGCUUUGGAUGGGUCGAA
117,UAUCACUGCGCUUAAGCGGCUUUGGAUGGGUUGAA
118,UAUCACUGCGCUUAAGCGGUUUUGGAUGGGUUGAA
119,UAUCACUGCGCUUAGAACGUUUUGGAUGGGUCGAA
120,UAUCACUGCGCUUAGAACGUUUUGGAUGGGUUGAA
121,UAUCACUGCGCUUAGACCGUUUUGGAUGGGUUGAA
122,UAUCACUGCGCUUAGACGACUUUGGAUGGGUCGAA
123,UAUCACUGCGCUUAGACGACUUUGGAUGGGUUGAA
124,UAUCACUGCGCUUAGACGGCUUUGGAUGGGUUGAA
125,UAUCACUGCGCUUAGACGGUUUUGGAUGGGUCGAA
126,UAUCACUGCGCUUAGACGGUUUUGGAUGGGUUGAA
127,UAUCACUGCGCUUAGGACGUUUUGGAUGGGUUGAA
128,UAUCACUGCGCUUAGGCCGUUUUGGAUGGGUUGAA
129,UAUCACUGCGCUUAGGCGACUUUGGAUGGGUCGAA
130,UAUCACUGCGCUUAGGCGACUUUGGAUGGGUUGAA
131,UAUCACUGCGCUUAGGCGAUUUUGGAUGGGUUGAA
132,UAUCACUGCGCUUAGGCGGCUUUGGAUGGGUCGAA
133,UAUCACUGCGCUUAGGCGGCUUUGGAUGGGUUGAA
134,UAUCACUGCGCUUAGGCGGUUAUGGAUGGGUCGAA
135,UAUCACUGCGCUUAGGCGGUUUUGGAUGGGUCGAA
136,UAUCACUGCGCUUAGGCGGUUUUGGAUGGGUUGAA
137,UAUCACUGCGCUUUAAACGUUUUGGAUGGGUCGAA
138,UAUCACUGCGCUUUAAACGUUUUGGAUGGGUUGAA
139,UAUCACUGCGCUUUAACGGUUUUGGAUGGGUCGAA
140,UAUCACUGCGCUUUAACGGUUUUGGAUGGGUUGAA
141,UAUCACUGCGCUUUAGACGUUUUGGAUGGGUUGAA
142,UAUCACUGCGCUUUAGCCGUUUUGGAUGGGUUGAA
143,UAUCACUGCGCUUUAGCGACUUUGGAUGGGUCGAA
144,UAUCACUGCGCUUUAGCGACUUUGGAUGGGUUGAA
145,UAUCACUGCGCUUUAGCGGCUUUGGAUGGGUCGAA
146,UAUCACUGCGCUUUAGCGGCUUUGGAUGGGUUGAA
147,UAUCACUGCGCUUUAGCGGUUUUGGAUGGGUUGAA
148,UAUCACUGCGCUUUGAACGUUUUGGAUGGGUCGAA
149,UAUCACUGCGCUUUGAACGUUUUGGAUGGGUUGAA
150,UAUCACUGCGCUUUGACCGUUUUGGAUGGGUUGAA
151,UAUCACUGCGCUUUGACGACUUUGGAUGGGUUGAA
152,UAUCACUGCGCUUUGACGGUUUUGGAUGGGUCGAA
153,UAUCACUGCGCUUUGACGGUUUUGGAUGGGUUGAA
154,UAUCACUGCGCUUUGGACGUUUUGGAUGGGUUGAA
155,UAUCACUGCGCUUUGGCCGUUUUGGAUGGGUUGAA
156,UAUCACUGCGCUUUGGCGACUUUGGAUGGGUCGAA
157,UAUCACUGCGCUUUGGCGACUUUGGAUGGGUUGAA
158,UAUCACUGCGCUUUGGCGAUUUUGGAUGGGUUGAA
159,UAUCACUGCGCUUUGGCGGCUUUGGAUGGGUCGAA
160,UAUCACUGCGCUUUGGCGGCUUUGGAUGGGUUGAA
161,UAUCACUGCGCUUUGGCGGUUAUGGAUGGGUUGAA
162,UAUCACUGCGCUUUGGCGGUUUUGGAUGGGUCGAA
163,UAUCACUGCGCUUUGGCGGUUUUGGAUGGGUUGAA
164,UAUCACUGCGUGUAAAACGUUAUGGAUGGGUUGAA
165,UAUCACUGCGUGUAAAACGUUUUGGAUGGGUCGAA
166,UAUCACUGCGUGUAAAACGUUUUGGAUGGGUUGAA
167,UAUCACUGCGUGUAAAAGGUUUUGGAUGGGUCGAA
168,UAUCACUGCGUGUAAACCGUUUUGGAUGGGUCGAA
169,UAUCACUGCGUGUAAACCGUUUUGGAUGGGUUGAA
170,UAUCACUGCGUGUAAACGAUUUUGGAUGGGUCGAA
171,UAUCACUGCGUGUAAACGAUUUUGGAUGGGUUGAA
172,UAUCACUGCGUGUAAACGGCUUUGGAUGGGUUGAA
173,UAUCACUGCGUGUAAACGGUUAUGGAUGGGUCGAA
174,UAUCACUGCGUGUAAACGGUUAUGGAUGGGUUGAA
175,UAUCACUGCGUGUAAACGGUUUUGGAUGGGUCGAA
176,UAUCACUGCGUGUAAACGGUUUUGGAUGGGUUGAA
177,UAUCACUGCGUGUAAGACGUUUUGGAUGGGUCGAA
178,UAUCACUGCGUGUAAGACGUUUUGGAUGGGUUGAA
179,UAUCACUGCGUGUAAGCCGUUUUGGAUGGGUUGAA
180,UAUCACUGCGUGUAAGCGGCUUUGGAUGGGUUGAA
181,UAUCACUGCGUGUUAAACGUUUUGGAUGGGUCGAA
182,UAUCACUGCGUGUUAAACGUUUUGGAUGGGUUGAA
183,UAUCACUGCGUGUUAAAGGUUUUGGAUGGGUCGAA
184,UAUCACUGCGUGUUAACGGUUAUGGAUGGGUCGAA
185,UAUCACUGCGUGUUAACGGUUAUGGAUGGGUUGAA
186,UAUCACUGCGUGUUAGACGUUUUGGAUGGGUCGAA
187,UAUCACUGCGUGUUAGACGUUUUGGAUGGGUUGAA
188,UAUCACUGCGUGUUGAACGUUUUGGAUGGGUCGAA
189,UAUCACUGCGUGUUGAACGUUUUGGAUGGGUUGAA
190,UAUCACUGCGUGUUGACCGUUUUGGAUGGGUCGAA
191,UAUCACUGCGUGUUGACGGUUUUGGAUGGGUCGAA
192,UAUCACUGCGUGUUGGACGUUUUGGAUGGGUCGAA
193,UAUCACUGCGUGUUGGACGUUUUGGAUGGGUUGAA
194,UAUCACUGCGUUUAAAACGUUUUGGAUGGGUCGAA
195,UAUCACUGCGUUUAAAACGUUUUGGAUGGGUUGAA
196,UAUCACUGCGUUUAAAAGGUUUUGGAUGGGUCGAA
197,UAUCACUGCGUUUAAAAGGUUUUGGAUGGGUUGAA
198,UAUCACUGCGUUUAAACCGUUUUGGAUGGGUCGAA
199,UAUCACUGCGUUUAAACCGUUUUGGAUGGGUUGAA
200,UAUCACUGCGUUUAAACGACUUUGGAUGGGUCGAA
201,UAUCACUGCGUUUAAACGACUUUGGAUGGGUUGAA
202,UAUCACUGCGUUUAAACGAUUUUGGAUGGGUCGAA
203,UAUCACUGCGUUUAAACGAUUUUGGAUGGGUUGAA
204,UAUCACUGCGUUUAAACGGCUUUGGAUGGGUCGAA
205,UAUCACUGCGUUUAAACGGCUUUGGAUGGGUUGAA
206,UAUCACUGCGUUUAAACGGUUAUGGAUGGGUCGAA
207,UAUCACUGCGUUUAAACGGUUAUGGAUGGGUUGAA
208,UAUCACUGCGUUUAAACGGUUUUGGAUGGGUCGAA
209,UAUCACUGCGUUUAAACGGUUUUGGAUGGGUUGAA
210,UAUCACUGCGUUUAAGACGUUUUGGAUGGGUCGAA
211,UAUCACUGCGUUUAAGACGUUUUGGAUGGGUUGAA
212,UAUCACUGCGUUUAAGCCGUUUUGGAUGGGUUGAA
213,UAUCACUGCGUUUAAGCGACUUUGGAUGGGUCGAA
214,UAUCACUGCGUUUAAGCGACUUUGGAUGGGUUGAA
215,UAUCACUGCGUUUAGAACGUUUUGGAUGGGUCGAA
216,UAUCACUGCGUUUAGAACGUUUUGGAUGGGUUGAA
217,UAUCACUGCGUUUAGACCGUUUUGGAUGGGUCGAA
218,UAUCACUGCGUUUAGACCGUUUUGGAUGGGUUGAA
219,UAUCACUGCGUUUAGACGACUUUGGAUGGGUCGAA
220,UAUCACUGCGUUUAGACGACUUUGGAUGGGUUGAA
221,UAUCACUGCGUUUAGACGAUUUUGGAUGGGUCGAA
222,UAUCACUGCGUUUAGACGAUUUUGGAUGGGUUGAA
223,UAUCACUGCGUUUAGACGGCUUUGGAUGGGUCGAA
224,UAUCACUGCGUUUAGACGGCUUUGGAUGGGUUGAA
225,UAUCACUGCGUUUAGACGGUUAUGGAUGGGUUGAA
226,UAUCACUGCGUUUAGACGGUUUUGGAUGGGUCGAA
227,UAUCACUGCGUUUAGACGGUUUUGGAUGGGUUGAA
228,UAUCACUGCGUUUAGGACGUUUUGGAUGGGUCGAA
229,UAUCACUGCGUUUAGGACGUUUUGGAUGGGUUGAA
230,UAUCACUGCGUUUAGGCGACUUUGGAUGGGUCGAA
231,UAUCACUGCGUUUAGGCGACUUUGGAUGGGUUGAA
232,UAUCACUGCGUUUAGGCGAUUUUGGAUGGGUCGAA
233,UAUCACUGCGUUUAGGCGAUUUUGGAUGGGUUGAA
234,UAUCACUGCGUUUUAAACACUUUGGAUGGGUUGAA
235,UAUCACUGCGUUUUAAACGUUUUGGAUGGGUUGAA
236,UAUCACUGCGUUUUAAAGGUUUUGGAUGGGUCGAA
237,UAUCACUGCGUUUUAAAGGUUUUGGAUGGGUUGAA
238,UAUCACUGCGUUUUAACCGUUUUGGAUGGGUCGAA
239,UAUCACUGCGUUUUAACCGUUUUGGAUGGGUUGAA
240,UAUCACUGCGUUUUAACGAUUUUGGAUGGGUUGAA
241,UAUCACUGCGUUUUAACGGUUAUGGAUGGGUCGAA
242,UAUCACUGCGUUUUAACGGUUAUGGAUGGGUUGAA
243,UAUCACUGCGUUUUAACGGUUUUGGAUGGGUCGAA
244,UAUCACUGCGUUUUAACGGUUUUGGAUGGGUUGAA
245,UAUCACUGCGUUUUAGACGUUUUGGAUGGGUUGAA
246,UAUCACUGCGUUUUGAACGUUUUGGAUGGGUCGAA
247,UAUCACUGCGUUUUGAACGUUUUGGAUGGGUUGAA
248,UAUCACUGCGUUUUGACCGUUUUGGAUGGGUUGAA
249,UAUCACUGCGUUUUGACGACUUUGGAUGGGUUGAA
250,UAUCACUGCGUUUUGACGAUUUUGGAUGGGUUGAA
251,UAUCACUGCGUUUUGACGGCUUUGGAUGGGUUGAA
252,UAUCACUGCGUUUUGACGGUUAUGGAUGGGUCGAA
253,UAUCACUGCGUUUUGACGGUUAUGGAUGGGUUGAA
254,UAUCACUGCGUUUUGACGGUUUUGGAUGGGUCGAA
255,UAUCACUGCGUUUUGACGGUUUUGGAUGGGUUGAA
256,UAUCACUGCGUUUUGGACGUUUUGGAUGGGUUGAA
257,UAUCACUGCGUUUUGGCGACUUUGGAUGGGUCGAA
258,UAUCACUGCGUUUUGGCGACUUUGGAUGGGUUGAA
259,UAUCACUGCUCGUAAAAGGUUUUGGAUGGGUCGAA
260,UAUCACUGCUCGUAAAAGGUUUUGGAUGGGUUGAA
261,UAUCACUGCUCGUAAGACGUUUUGGAUGGGUUGAA
262,UAUCACUGCUCGUAAGAGACUUUGGAUGGGUCGAA
263,UAUCACUGCUCGUAAGAGACUUUGGAUGGGUUGAA
264,UAUCACUGCUCGUAAGAGAUUUUGGAUGGGUUGAA
265,UAUCACUGCUCGUAAGAGGCUUUGGAUGGGUCGAA
266,UAUCACUGCUCGUAAGAGGCUUUGGAUGGGUUGAA
267,UAUCACUGCUCGUAAGAGGUUUUGGAUGGGUCGAA
268,UAUCACUGCUCGUAAGAGGUUUUGGAUGGGUUGAA
269,UAUCACUGCUCGUAGAAGGUUUUGGAUGGGUCGAA
270,UAUCACUGCUCGUAGGAGACUUUGGAUGGGUCGAA
271,UAUCACUGCUCGUAGGAGACUUUGGAUGGGUUGAA
272,UAUCACUGCUCGUAGGAGGCUUUGGAUGGGUUGAA
273,UAUCACUGCUCGUAGGAGGUUUUGGAUGGGUCGAA
274,UAUCACUGCUCGUAGGAGGUUUUGGAUGGGUUGAA
275,UAUCACUGCUCGUUAGAGACUUUGGAUGGGUCGAA
276,UAUCACUGCUCGUUAGAGACUUUGGAUGGGUUGAA
277,UAUCACUGCUCGUUAGAGGCUUUGGAUGGGUCGAA
278,UAUCACUGCUCGUUAGAGGUUUUGGAUGGGUCGAA
279,UAUCACUGCUCGUUAGAGGUUUUGGAUGGGUUGAA
280,UAUCACUGCUCGUUGGAGACUUUGGAUGGGUCGAA
281,UAUCACUGCUCGUUGGAGACUUUGGAUGGGUUGAA
282,UAUCACUGCUCGUUGGAGGUUUUGGAUGGGUCGAA
283,UAUCACUGCUCUUAAAAGGUUUUGGAUGGGUUGAA
284,UAUCACUGCUCUUAAGAGACUUUGGAUGGGUUGAA
285,UAUCACUGCUCUUAAGAGGUUUUGGAUGGGUCGAA
286,UAUCACUGCUCUUAAGAGGUUUUGGAUGGGUUGAA
287,UAUCACUGCUCUUAGAAGGUUUUGGAUGGGUCGAA
288,UAUCACUGCUCUUAGAAGGUUUUGGAUGGGUUGAA
289,UAUCACUGCUCUUAGGAGACUUUGGAUGGGUCGAA
290,UAUCACUGCUCUUAGGAGACUUUGGAUGGGUUGAA
291,UAUCACUGCUCUUAGGAGGCUUUGGAUGGGUUGAA
292,UAUCACUGCUCUUAGGAGGUUUUGGAUGGGUCGAA
293,UAUCACUGCUCUUAGGAGGUUUUGGAUGGGUUGAA
294,UAUCACUGCUCUUUAAAGGUUUUGGAUGGGUUGAA
295,UAUCACUGCUCUUUAGAGGUUUUGGAUGGGUCGAA
296,UAUCACUGCUCUUUAGAGGUUUUGGAUGGGUUGAA
297,UAUCACUGCUCUUUGAAGGUUUUGGAUGGGUUGAA
298,UAUCACUGCUCUUUGGAGACUUUGGAUGGGUUGAA
299,UAUCACUGCUCUUUGGAGGUUUUGGAUGGGUCGAA
300,UAUCACUGCUCUUUGGAGGUUUUGGAUGGGUUGAA
301,UAUCACUGCUUGUAAAAGACUUUGGAUGGGUCGAA
302,UAUCACUGCUUGUAAAAGGUUUUGGAUGGGUCGAA
303,UAUCACUGCUUGUAAAAGGUUUUGGAUGGGUUGAA
304,UAUCACUGCUUGUAAACGGUUUUGGAUGGGUCGAA
305,UAUCACUGCUUGUAAACGGUUUUGGAUGGGUUGAA
306,UAUCACUGCUUGUAAGAGACUUUGGAUGGGUCGAA
307,UAUCACUGCUUGUAAGAGGUUUUGGAUGGGUCGAA
308,UAUCACUGCUUGUAAGAGGUUUUGGAUGGGUUGAA
309,UAUCACUGCUUGUAGAAGGUUUUGGAUGGGUUGAA
310,UAUCACUGCUUGUAGGAGGUUUUGGAUGGGUUGAA
311,UAUCACUGCUUGUUAAAGACUUUGGAUGGGUCGAA
312,UAUCACUGCUUGUUAAAGACUUUGGAUGGGUUGAA
313,UAUCACUGCUUGUUAAAGGUUUUGGAUGGGUCGAA
314,UAUCACUGCUUGUUAAAGGUUUUGGAUGGGUUGAA
315,UAUCACUGCUUGUUAGAGGUUUUGGAUGGGUUGAA
316,UAUCACUGCUUGUUGAAGACUUUGGAUGGGUUGAA
317,UAUCACUGCUUGUUGAAGGUUUUGGAUGGGUUGAA
318,UAUCACUGCUUUUAAAAGGUUUUGGAUGGGUUGAA
319,UAUCACUGCUUUUAGAAGGUUUUGGAUGGGUCGAA
320,UAUCACUGCUUUUAGGAGACUUUGGAUGGGUUGAA
321,UAUCACUGCUUUUAGGAGGUUUUGGAUGGGUUGAA
322,UAUCACUGGGCGUAAACCACUUUGGAUGGGUUGAA
323,UAUCACUGGGCGUAAGCCACUUUGGAUGGGUCGAA
324,UAUCACUGGGCGUAAGCCACUUUGGAUGGGUUGAA
325,UAUCACUGGGCGUAAGCCAUUUUGGAUGGGUCGAA
326,UAUCACUGGGCGUAAGCCAUUUUGGAUGGGUUGAA
327,UAUCACUGGGCGUAAGCCGCUUUGGAUGGGUCGAA
328,UAUCACUGGGCGUAAGCCGCUUUGGAUGGGUUGAA
329,UAUCACUGGGCGUAAGCCGUUUUGGAUGGGUCGAA
330,UAUCACUGGGCGUAAGCCGUUUUGGAUGGGUUGAA
331,UAUCACUGGGCGUAGACCACUUUGGAUGGGUCGAA
332,UAUCACUGGGCGUAGACCGUUUUGGAUGGGUUGAA
333,UAUCACUGGGCGUAGGCCACUUUGGAUGGGUCGAA
334,UAUCACUGGGCGUAGGCCACUUUGGAUGGGUUGAA
335,UAUCACUGGGCGUAGGCCAUUUUGGAUGGGUUGAA
336,UAUCACUGGGCGUAGGCCGCUUUGGAUGGGUUGAA
337,UAUCACUGGGCGUAGGCCGUUUUGGAUGGGUCGAA
338,UAUCACUGGGCGUAGGCCGUUUUGGAUGGGUUGAA
339,UAUCACUGGGCGUUAGCCACUUUGGAUGGGUCGAA
340,UAUCACUGGGCGUUAGCCACUUUGGAUGGGUUGAA
341,UAUCACUGGGCGUUAGCCAUUUUGGAUGGGUUGAA
342,UAUCACUGGGCGUUAGCCGCUUUGGAUGGGUUGAA
343,UAUCACUGGGCGUUAGCCGUUUUGGAUGGGUCGAA
344,UAUCACUGGGCGUUAGCCGUUUUGGAUGGGUUGAA
345,UAUCACUGGGCGUUGACCACUUUGGAUGGGUCGAA
346,UAUCACUGGGCGUUGACCACUUUGGAUGGGUUGAA
347,UAUCACUGGGCGUUGGCCACUUUGGAUGGGUCGAA
348,UAUCACUGGGCGUUGGCCACUUUGGAUGGGUUGAA
349,UAUCACUGGGCGUUGGCCAUUUUGGAUGGGUCGAA
350,UAUCACUGGGCGUUGGCCAUUUUGGAUGGGUUGAA
351,UAUCACUGGGCGUUGGCCGCUUUGGAUGGGUUGAA
352,UAUCACUGGGCGUUGGCCGUUUUGGAUGGGUCGAA
353,UAUCACUGGGCGUUGGCCGUUUUGGAUGGGUUGAA
354,UAUCACUGGGCUUAAGCCACUUUGGAUGGGUCGAA
355,UAUCACUGGGCUUAAGCCACUUUGGAUGGGUUGAA
356,UAUCACUGGGCUUAAGCCAUUUUGGAUGGGUCGAA
357,UAUCACUGGGCUUAAGCCAUUUUGGAUGGGUUGAA
358,UAUCACUGGGCUUAAGCCGCUUUGGAUGGGUCGAA
359,UAUCACUGGGCUUAAGCCGCUUUGGAUGGGUUGAA
360,UAUCACUGGGCUUAAGCCGUUUUGGAUGGGUCGAA
361,UAUCACUGGGCUUAAGCCGUUUUGGAUGGGUUGAA
362,UAUCACUGGGCUUAGACCACUUUGGAUGGGUUGAA
363,UAUCACUGGGCUUAGGCCACUUUGGAUGGGUCGAA
364,UAUCACUGGGCUUAGGCCACUUUGGAUGGGUUGAA
365,UAUCACUGGGCUUAGGCCAUUUUGGAUGGGUUGAA
366,UAUCACUGGGCUUAGGCCGCUUUGGAUGGGUUGAA
367,UAUCACUGGGCUUAGGCCGUUUUGGAUGGGUCGAA
368,UAUCACUGGGCUUAGGCCGUUUUGGAUGGGUUGAA
369,UAUCACUGGGCUUUAGCCACUUUGGAUGGGUCGAA
370,UAUCACUGGGCUUUAGCCACUUUGGAUGGGUUGAA
371,UAUCACUGGGCUUUAGCCAUUUUGGAUGGGUCGAA
372,UAUCACUGGGCUUUAGCCAUUUUGGAUGGGUUGAA
373,UAUCACUGGGCUUUAGCCGCUUUGGAUGGGUUGAA
374,UAUCACUGGGCUUUAGCCGUUUUGGAUGGGUCGAA
375,UAUCACUGGGCUUUAGCCGUUUUGGAUGGGUUGAA
376,UAUCACUGGGCUUUGGCCACUUUGGAUGGGUCGAA
377,UAUCACUGGGCUUUGGCCACUUUGGAUGGGUUGAA
378,UAUCACUGGGCUUUGGCCAUUUUGGAUGGGUCGAA
379,UAUCACUGGGCUUUGGCCAUUUUGGAUGGGUUGAA
380,UAUCACUGGGCUUUGGCCGCUUUGGAUGGGUCGAA
381,UAUCACUGGGCUUUGGCCGCUUUGGAUGGGUUGAA
382,UAUCACUGGGCUUUGGCCGUUUUGGAUGGGUCGAA
383,UAUCACUGGGCUUUGGCCGUUUUGGAUGGGUUGAA
384,UAUCACUGGGUGUAAACCACUUUGGAUGGGUCGAA
385,UAUCACUGGGUGUAAACCGCUUUGGAUGGGUCGAA
386,UAUCACUGGGUGUAAACCGCUUUGGAUGGGUUGAA
387,UAUCACUGGGUGUAAACCGUUUUGGAUGGGUCGAA
388,UAUCACUGGGUGUAAACCGUUUUGGAUGGGUUGAA
389,UAUCACUGGGUGUAAGCCACUUUGGAUGGGUCGAA
390,UAUCACUGGGUGUAAGCCACUUUGGAUGGGUUGAA
391,UAUCACUGGGUGUAAGCCAUUUUGGAUGGGUCGAA
392,UAUCACUGGGUGUAAGCCAUUUUGGAUGGGUUGAA
393,UAUCACUGGGUGUAAGCCGCUUUGGAUGGGUCGAA
394,UAUCACUGGGUGUAAGCCGCUUUGGAUGGGUUGAA
395,UAUCACUGGGUGUAAGCCGUUUUGGAUGGGUCGAA
396,UAUCACUGGGUGUAAGCCGUUUUGGAUGGGUUGAA
397,UAUCACUGGGUGUAGACCAUUUUGGAUGGGUUGAA
398,UAUCACUGGGUGUAGACCGCUUUGGAUGGGUCGAA
399,UAUCACUGGGUGUAGACCGCUUUGGAUGGGUUGAA
400,UAUCACUGGGUGUAGACCGUUUUGGAUGGGUCGAA
401,UAUCACUGGGUGUAGACCGUUUUGGAUGGGUUGAA
402,UAUCACUGGGUGUAGGCCACUUUGGAUGGGUUGAA
403,UAUCACUGGGUGUAGGCCGUUUUGGAUGGGUCGAA
404,UAUCACUGGGUGUAGGCCGUUUUGGAUGGGUUGAA
405,UAUCACUGGGUGUUAACCGUUUUGGAUGGGUUGAA
406,UAUCACUGGGUGUUAGCCGUUUUGGAUGGGUCGAA
407,UAUCACUGGGUGUUAGCCGUUUUGGAUGGGUUGAA
408,UAUCACUGGGUGUUGACCGUUUUGGAUGGGUCGAA
409,UAUCACUGGGUGUUGACCGUUUUGGAUGGGUUGAA
410,UAUCACUGGGUGUUGGCCGCUUUGGAUGGGUUGAA
411,UAUCACUGGGUGUUGGCCGUUUUGGAUGGGUCGAA
412,UAUCACUGGGUUUAAACCACUUUGGAUGGGUUGAA
413,UAUCACUGGGUUUAAACCGCUUUGGAUGGGUUGAA
414,UAUCACUGGGUUUAAACCGUUUUGGAUGGGUUGAA
415,UAUCACUGGGUUUAAGCCACUUUGGAUGGGUUGAA
416,UAUCACUGGGUUUAAGCCGUUUUGGAUGGGUCGAA
417,UAUCACUGGGUUUAAGCCGUUUUGGAUGGGUUGAA
418,UAUCACUGGGUUUAGACCACUUUGGAUGGGUCGAA
419,UAUCACUGGGUUUAGACCACUUUGGAUGGGUUGAA
420,UAUCACUGGGUUUAGACCGUUUUGGAUGGGUUGAA
421,UAUCACUGGGUUUAGGCCACUUUGGAUGGGUCGAA
422,UAUCACUGGGUUUAGGCCACUUUGGAUGGGUUGAA
423,UAUCACUGGGUUUAGGCCAUUUUGGAUGGGUUGAA
424,UAUCACUGGGUUUAGGCCGCUUUGGAUGGGUUGAA
425,UAUCACUGGGUUUAGGCCGUUUUGGAUGGGUCGAA
426,UAUCACUGGGUUUAGGCCGUUUUGGAUGGGUUGAA
427,UAUCACUGGGUUUUAACCGCUUUGGAUGGGUCGAA
428,UAUCACUGGGUUUUAACCGCUUUGGAUGGGUUGAA
429,UAUCACUGGGUUUUAACCGUUUUGGAUGGGUCGAA
430,UAUCACUGGGUUUUAGCCACUUUGGAUGGGUUGAA
431,UAUCACUGGGUUUUGACCACUUUGGAUGGGUUGAA
432,UAUCACUGGGUUUUGGCCACUUUGGAUGGGUCGAA
433,UAUCACUGGGUUUUGGCCACUUUGGAUGGGUUGAA
434,UAUCACUGGUCGUAAACGAUAAUGGAUGGGUCGAA
435,UAUCACUGGUCGUAAGACACUUUGGAUGGGUCGAA
436,UAUCACUGGUCGUAAGACACUUUGGAUGGGUUGAA
437,UAUCACUGGUCGUAAGACGUUUUGGAUGGGUCGAA
438,UAUCACUGGUCGUAAGACGUUUUGGAUGGGUUGAA
439,UAUCACUGGUCGUUAACGAUAAUGGAUGGGUCGAA
440,UAUCACUGGUCGUUAACGAUAAUGGAUGGGUUGAA
441,UAUCACUGGUCGUUAGACACUUUGGAUGGGUCGAA
442,UAUCACUGGUCGUUAGACACUUUGGAUGGGUUGAA
443,UAUCACUGGUCGUUAGACGUUUUGGAUGGGUCGAA
444,UAUCACUGGUCGUUAGACGUUUUGGAUGGGUUGAA
445,UAUCACUGGUCGUUGGACACUUUGGAUGGGUCGAA
446,UAUCACUGGUCGUUGGACACUUUGGAUGGGUUGAA
447,UAUCACUGGUCUUAGGACGCUUUGGAUGGGUUGAA
448,UAUCACUGGUUGUAAAACACUUUGGAUGGGUUGAA
449,UAUCACUGGUUGUAAAACGUUUUGGAUGGGUUGAA
450,UAUCACUGGUUUUAGGACGCUUUGGAUGGGUUGAA
451,UAUCACUUCGCGUAAACGAUUUUGGAUGGGUUGAA
452,UAUCACUUCGCGUAAGACGUUUUGGAUGGGUUGAA
453,UAUCACUUCGCGUAAGCGACUUUGGAUGGGUCGAA
454,UAUCACUUCGCGUAAGCGACUUUGGAUGGGUUGAA
455,UAUCACUUCGCGUAGGCGACUUUGGAUGGGUCGAA
456,UAUCACUUCGCGUAGGCGACUUUGGAUGGGUUGAA
457,UAUCACUUCGCGUUAAACGUUUUGGAUGGGUUGAA
458,UAUCACUUCGCGUUAGACGUUUUGGAUGGGUUGAA
459,UAUCACUUCGCGUUAGCCGUUUUGGAUGGGUUGAA
460,UAUCACUUCGCGUUAGCGACUUUGGAUGGGUCGAA
461,UAUCACUUCGCGUUAGCGACUUUGGAUGGGUUGAA
462,UAUCACUUCGCGUUGAACGUUUUGGAUGGGUCGAA
463,UAUCACUUCGCGUUGAACGUUUUGGAUGGGUUGAA
464,UAUCACUUCGCGUUGGCGACUUUGGAUGGGUCGAA
465,UAUCACUUCGCGUUGGCGACUUUGGAUGGGUUGAA
466,UAUCACUUCGCUUAAAACGUUUUGGAUGGGUCGAA
467,UAUCACUUCGCUUAAAACGUUUUGGAUGGGUUGAA
468,UAUCACUUCGCUUAAGACGUUUUGGAUGGGUUGAA
469,UAUCACUUCGCUUAAGCGACUUUGGAUGGGUCGAA
470,UAUCACUUCGCUUAAGCGACUUUGGAUGGGUUGAA
471,UAUCACUUCGCUUAGAACGUUUUGGAUGGGUCGAA
472,UAUCACUUCGCUUAGAACGUUUUGGAUGGGUUGAA
473,UAUCACUUCGCUUAGACGACUUUGGAUGGGUUGAA
474,UAUCACUUCGCUUAGGACGUUUUGGAUGGGUUGAA
475,UAUCACUUCGCUUAGGCGACUUUGGAUGGGUCGAA
476,UAUCACUUCGCUUAGGCGACUUUGGAUGGGUUGAA
477,UAUCACUUCGCUUUAAACGUUUUGGAUGGGUCGAA
478,UAUCACUUCGCUUUAAACGUUUUGGAUGGGUUGAA
479,UAUCACUUCGCUUUAGCGACUUUGGAUGGGUUGAA
480,UAUCACUUCGCUUUGGCCGUUUUGGAUGGGUUGAA
481,UAUCACUUCGCUUUGGCGACUUUGGAUGGGUCGAA
482,UAUCACUUCGCUUUGGCGACUUUGGAUGGGUUGAA
483,UAUCACUUCGUGUAAAACGUUUUGGAUGGGUCGAA
484,UAUCACUUCGUGUAAAACGUUUUGGAUGGGUUGAA
485,UAUCACUUCGUGUAAACCGUUUUGGAUGGGUUGAA
486,UAUCACUUCGUGUAAACGAUUAUGGAUGGGUUGAA
487,UAUCACUUCGUGUAAACGAUUUUGGAUGGGUUGAA
488,UAUCACUUCGUGUAAGACGUUUUGGAUGGGUUGAA
489,UAUCACUUCGUGUAAGCGAUUUUGGAUGGGUCGAA
490,UAUCACUUCGUGUAGACGAUUUUGGAUGGGUUGAA
491,UAUCACUUCGUGUUAAACGUUUUGGAUGGGUCGAA
492,UAUCACUUCGUGUUAAACGUUUUGGAUGGGUUGAA
493,UAUCACUUCGUGUUAGACGUUUUGGAUGGGUCGAA
494,UAUCACUUCGUGUUAGACGUUUUGGAUGGGUUGAA
495,UAUCACUUCGUGUUGAACGUUUUGGAUGGGUCGAA
496,UAUCACUUCGUGUUGAACGUUUUGGAUGGGUUGAA
497,UAUCACUUCGUGUUGGACGUUUUGGAUGGGUCGAA
498,UAUCACUUCGUGUUGGACGUUUUGGAUGGGUUGAA
499,UAUCACUUCGUUUAAAACGUUUUGGAUGGGUUGAA
500,UAUCACUUCGUUUAAACCGUUUUGGAUGGGUCGAA
501,UAUCACUUCGUUUAAACCGUUUUGGAUGGGUUGAA
502,UAUCACUUCGUUUAAACGAUUAUGGAUGGGUUGAA
503,UAUCACUUCGUUUAAGACGUUUUGGAUGGGUCGAA
504,UAUCACUUCGUUUAAGACGUUUUGGAUGGGUUGAA
505,UAUCACUUCGUUUAAGCGACUUUGGAUGGGUUGAA
506,UAUCACUUCGUUUAGAACGUUUUGGAUGGGUCGAA
507,UAUCACUUCGUUUAGAACGUUUUGGAUGGGUUGAA
508,UAUCACUUCGUUUAGACGACUUUGGAUGGGUUGAA
509,UAUCACUUCGUUUAGACGAUUUUGGAUGGGUCGAA
510,UAUCACUUCGUUUAGACGAUUUUGGAUGGGUUGAA
511,UAUCACUUCGUUUAGGACGUUUUGGAUGGGUCGAA
512,UAUCACUUCGUUUAGGCGACUUUGGAUGGGUCGAA
513,UAUCACUUCGUUUAGGCGACUUUGGAUGGGUUGAA
514,UAUCACUUCGUUUUAAACGUUUUGGAUGGGUCGAA
515,UAUCACUUCGUUUUAAACGUUUUGGAUGGGUUGAA
516,UAUCACUUCGUUUUAGACGUUUUGGAUGGGUCGAA
517,UAUCACUUCGUUUUAGACGUUUUGGAUGGGUUGAA
518,UAUCACUUCGUUUUGAACGUUUUGGAUGGGUCGAA
519,UAUCACUUCGUUUUGAACGUUUUGGAUGGGUUGAA
520,UAUCACUUCGUUUUGGACGUUUUGGAUGGGUCGAA
521,UAUCACUUCGUUUUGGCGACUUUGGAUGGGUCGAA
522,UAUCACUUCGUUUUGGCGACUUUGGAUGGGUUGAA
523,UAUCACUUCUCGUAAGAGACUUUGGAUGGGUCGAA
524,UAUCACUUCUCGUAAGAGACUUUGGAUGGGUUGAA
525,UAUCACUUCUCGUAGGAGACUUUGGAUGGGUCGAA
526,UAUCACUUCUCGUAGGAGACUUUGGAUGGGUUGAA
527,UAUCACUUCUCGUUAGAGACUUUGGAUGGGUUGAA
528,UAUCACUUCUCGUUGGAGACUUUGGAUGGGUCGAA
529,UAUCACUUCUCGUUGGAGACUUUGGAUGGGUUGAA
530,UAUCACUUCUCUUAAGAGACUUUGGAUGGGUUGAA
531,UAUCACUUCUCUUAGGAGACUUUGGAUGGGUCGAA
532,UAUCACUUCUCUUAGGAGACUUUGGAUGGGUUGAA
533,UAUCACUUCUCUUUAGAGACUUUGGAUGGGUUGAA
534,UAUCACUUCUCUUUGGAGACUUUGGAUGGGUCGAA
535,UAUCACUUCUCUUUGGAGACUUUGGAUGGGUUGAA
536,UAUCACUUCUUGUAAAAGACUUUGGAUGGGUCGAA
537,UAUCACUUCUUGUAAAAGACUUUGGAUGGGUUGAA
538,UAUCACUUCUUGUAAGAGACUUUGGAUGGGUCGAA
539,UAUCACUUCUUGUUAAAGACUUUGGAUGGGUCGAA
540,UAUCACUUGGCGUAAACCACUUUGGAUGGGUCGAA
541,UAUCACUUGGCGUAAACCACUUUGGAUGGGUUGAA
542,UAUCACUUGGCGUAAACCAUUUUGGAUGGGUCGAA
543,UAUCACUUGGCGUAAACCAUUUUGGAUGGGUUGAA
544,UAUCACUUGGCGUAAGACAUUUUGGAUGGGUUGAA
545,UAUCACUUGGCGUAAGCCACUAUGGAUGGGUUGAA
546,UAUCACUUGGCGUAAGCCACUUUGGAUGGGUCGAA
547,UAUCACUUGGCGUAAGCCACUUUGGAUGGGUUGAA
548,UAUCACUUGGCGUAAGCCAUUUUGGAUGGGUCGAA
549,UAUCACUUGGCGUAAGCCAUUUUGGAUGGGUUGAA
550,UAUCACUUGGCGUAGACCACUUUGGAUGGGUCGAA
551,UAUCACUUGGCGUAGACCACUUUGGAUGGGUUGAA
552,UAUCACUUGGCGUAGACCAUUUUGGAUGGGUUGAA
553,UAUCACUUGGCGUAGGACAUUUUGGAUGGGUCGAA
554,UAUCACUUGGCGUAGGCCACUUUGGAUGGGUCGAA
555,UAUCACUUGGCGUAGGCCACUUUGGAUGGGUUGAA
556,UAUCACUUGGCGUUAACCAUUUUGGAUGGGUCGAA
557,UAUCACUUGGCGUUAACCAUUUUGGAUGGGUUGAA
558,UAUCACUUGGCGUUAGACAUUUUGGAUGGGUCGAA
559,UAUCACUUGGCGUUAGACAUUUUGGAUGGGUUGAA
560,UAUCACUUGGCGUUAGCCACUUUGGAUGGGUCGAA
561,UAUCACUUGGCGUUAGCCACUUUGGAUGGGUUGAA
562,UAUCACUUGGCGUUGAACAUUUUGGAUGGGUCGAA
563,UAUCACUUGGCGUUGAACAUUUUGGAUGGGUUGAA
564,UAUCACUUGGCGUUGACCACUUUGGAUGGGUCGAA
565,UAUCACUUGGCGUUGACCACUUUGGAUGGGUUGAA
566,UAUCACUUGGCGUUGGACAUUUUGGAUGGGUCGAA
567,UAUCACUUGGCGUUGGACAUUUUGGAUGGGUUGAA
568,UAUCACUUGGCGUUGGCCACUUUGGAUGGGUCGAA
569,UAUCACUUGGCGUUGGCCACUUUGGAUGGGUUGAA
570,UAUCACUUGGCUUAAACCACUUUGGAUGGGUCGAA
571,UAUCACUUGGCUUAAACCACUUUGGAUGGGUUGAA
572,UAUCACUUGGCUUAAACCAUUUUGGAUGGGUCGAA
573,UAUCACUUGGCUUAAACCAUUUUGGAUGGGUUGAA
574,UAUCACUUGGCUUAAGCCACUUUGGAUGGGUCGAA
575,UAUCACUUGGCUUAAGCCACUUUGGAUGGGUUGAA
576,UAUCACUUGGCUUAAGCCAUUAUGGAUGGGUUGAA
577,UAUCACUUGGCUUAAGCCAUUUUGGAUGGGUCGAA
578,UAUCACUUGGCUUAGAACAUUUUGGAUGGGUCGAA
579,UAUCACUUGGCUUAGAACAUUUUGGAUGGGUUGAA
580,UAUCACUUGGCUUAGACCACUUUGGAUGGGUCGAA
581,UAUCACUUGGCUUAGACCACUUUGGAUGGGUUGAA
582,UAUCACUUGGCUUAGACCAUUUUGGAUGGGUUGAA
583,UAUCACUUGGCUUAGGACACUUUGGAUGGGUUGAA
584,UAUCACUUGGCUUAGGACAUUUUGGAUGGGUCGAA
585,UAUCACUUGGCUUAGGCCACUAUGGAUGGGUUGAA
586,UAUCACUUGGCUUAGGCCACUUUGGAUGGGUCGAA
587,UAUCACUUGGCUUAGGCCACUUUGGAUGGGUUGAA
588,UAUCACUUGGCUUAGGCCAUUAUGGAUGGGUUGAA
589,UAUCACUUGGCUUAGGCCAUUUUGGAUGGGUCGAA
590,UAUCACUUGGCUUAGGCCAUUUUGGAUGGGUUGAA
591,UAUCACUUGGCUUUAACCACUUUGGAUGGGUCGAA
592,UAUCACUUGGCUUUAGCCACUUUGGAUGGGUCGAA
593,UAUCACUUGGCUUUAGCCACUUUGGAUGGGUUGAA
594,UAUCACUUGGCUUUGAACAUUUUGGAUGGGUCGAA
595,UAUCACUUGGCUUUGACCACUUUGGAUGGGUCGAA
596,UAUCACUUGGCUUUGACCACUUUGGAUGGGUUGAA
597,UAUCACUUGGCUUUGGACAUUUUGGAUGGGUCGAA
598,UAUCACUUGGCUUUGGCCACUAUGGAUGGGUUGAA
599,UAUCACUUGGCUUUGGCCACUUUGGAUGGGUCGAA
600,UAUCACUUGGCUUUGGCCACUUUGGAUGGGUUGAA
601,UAUCACUUGGCUUUGGCCAUUAUGGAUGGGUUGAA
602,UAUCACUUGGCUUUGGCCAUUUUGGAUGGGUUGAA
603,UAUCACUUGGUGUAAACCACUUUGGAUGGGUCGAA
604,UAUCACUUGGUGUAAACCACUUUGGAUGGGUUGAA
605,UAUCACUUGGUGUAAACCAUUUUGGAUGGGUCGAA
606,UAUCACUUGGUGUAAACCAUUUUGGAUGGGUUGAA
607,UAUCACUUGGUGUAAGCCACUUUGGAUGGGUCGAA
608,UAUCACUUGGUGUAAGCCACUUUGGAUGGGUUGAA
609,UAUCACUUGGUGUAGACCACUUUGGAUGGGUCGAA
610,UAUCACUUGGUGUAGACCACUUUGGAUGGGUUGAA
611,UAUCACUUGGUGUAGACCAUUUUGGAUGGGUCGAA
612,UAUCACUUGGUGUAGACCAUUUUGGAUGGGUUGAA
613,UAUCACUUGGUGUAGGCCACUUUGGAUGGGUCGAA
614,UAUCACUUGGUGUAGGCCACUUUGGAUGGGUUGAA
615,UAUCACUUGGUGUUAACCAUUUUGGAUGGGUUGAA
616,UAUCACUUGGUGUUAGCCAUUUUGGAUGGGUUGAA
617,UAUCACUUGGUGUUGACCAUUUUGGAUGGGUUGAA
618,UAUCACUUGGUUUAAACCACUUUGGAUGGGUCGAA
619,UAUCACUUGGUUUAAACCACUUUGGAUGGGUUGAA
620,UAUCACUUGGUUUAAACCAUUAUGGAUGGGUUGAA
621,UAUCACUUGGUUUAAACCAUUUUGGAUGGGUCGAA
622,UAUCACUUGGUUUAAGCCACUUUGGAUGGGUCGAA
623,UAUCACUUGGUUUAAGCCACUUUGGAUGGGUUGAA
624,UAUCACUUGGUUUAGACCACUUUGGAUGGGUCGAA
625,UAUCACUUGGUUUAGACCACUUUGGAUGGGUUGAA
626,UAUCACUUGGUUUAGACCAUUAUGGAUGGGUUGAA
627,UAUCACUUGGUUUAGGCCACUUUGGAUGGGUCGAA
628,UAUCACUUGGUUUAGGCCACUUUGGAUGGGUUGAA
629,UAUCACUUGGUUUUAACCACUUUGGAUGGGUUGAA
630,UAUCACUUGGUUUUAACCAUUUUGGAUGGGUCGAA
631,UAUCACUUGGUUUUAGCCACUUUGGAUGGGUCGAA
632,UAUCACUUGGUUUUAGCCACUUUGGAUGGGUUGAA
633,UAUCACUUGGUUUUGACCACUUUGGAUGGGUUGAA
634,UAUCACUUGGUUUUGGCCACUAUGGAUGGGUUGAA
635,UAUCACUUGGUUUUGGCCACUUUGGAUGGGUCGAA
636,UAUCACUUGUCGUAAGACACUUUGGAUGGGUCGAA
637,UAUCACUUGUCGUAAGACACUUUGGAUGGGUUGAA
638,UAUCACUUGUCGUAGGACACUUUGGAUGGGUCGAA
639,UAUCACUUGUCGUAGGACACUUUGGAUGGGUUGAA
640,UAUCACUUGUCGUUAGACACUUUGGAUGGGUUGAA
641,UAUCACUUGUCGUUGGACACUUUGGAUGGGUCGAA
642,UAUCACUUGUCGUUGGACACUUUGGAUGGGUUGAA
643,UAUCACUUGUCUUAAGACACUUUGGAUGGGUUGAA
644,UAUCACUUGUCUUAGGACACUUUGGAUGGGUCGAA
645,UAUCACUUGUCUUAGGACACUUUGGAUGGGUUGAA
646,UAUCACUUGUCUUUAGACACUUUGGAUGGGUUGAA
647,UAUCACUUGUCUUUGGACACUUUGGAUGGGUUGAA
648,UAUCACUUGUUGUAAAACACUUUGGAUGGGUUGAA
649,UAUCACUUGUUGUAAAACAUUUUGGAUGGGUCGAA
650,UAUCACUUGUUGUAAGACACUUUGGAUGGGUUGAA
651,UAUCACUUGUUGUAAGACAUUUUGGAUGGGUUGAA
652,UAUCACUUGUUGUUGAACAUUUUGGAUGGGUCGAA
653,UAUCACUUGUUUUAGAACACUUUGGAUGGGUUGAA
654,UAUCACUUGUUUUAGGACACUUUGGAUGGGUUGAA
655,UAUCACUUGUUUUUGGACACUUUGGAUGGGUUGAA
